{"fatima_k": {"ai_task_id": "step5-4", "steps": {"step1-1": {"checked": true, "date": "2025-06-10"}, "step1-2": {"checked": true, "date": "2025-06-10"}, "step1-3": {"checked": true, "date": "2025-06-10"}, "step1-4": {"checked": true, "date": "2025-06-10"}, "step2-1": {"checked": true, "date": "2025-06-10"}, "step2-2": {"checked": true, "date": "2025-06-10"}, "step2-3": {"checked": true, "date": "2025-06-10"}, "step2-4": {"checked": true, "date": "2025-06-10"}, "step3-1": {"checked": false, "date": null}, "step3-2": {"checked": false, "date": null}, "step3-3": {"checked": false, "date": null}, "step3-4": {"checked": false, "date": null}, "step4-1": {"checked": false, "date": null}, "step4-2": {"checked": false, "date": null}, "step4-3": {"checked": false, "date": null}, "step4-4": {"checked": false, "date": null}, "step2-5": {"checked": true, "date": "2025-06-04"}, "step2-6": {"checked": true, "date": "2025-06-04"}, "step5-1": {"checked": false, "date": null}, "step5-2": {"checked": false, "date": null}, "step5-3": {"checked": false, "date": null}, "step5-4": {"checked": false, "date": null}, "step6-1": {"checked": false, "date": null}, "step1-5": {"checked": true, "date": "2025-06-10"}, "step1-6": {"checked": false, "date": null}, "step1-7": {"checked": true, "date": "2025-06-04"}, "step2-7": {"checked": true, "date": "2025-06-04"}, "step-step1-1": {"checked": false, "date": null}, "step-step1-2": {"checked": false, "date": null}, "step-step1-3": {"checked": false, "date": null}, "step-step1-4": {"checked": false, "date": null}, "step-step2-1": {"checked": false, "date": null}, "step-step2-2": {"checked": false, "date": null}, "step-step2-3": {"checked": false, "date": null}, "step-step2-4": {"checked": false, "date": null}, "step-step1-5": {"checked": false, "date": null}, "step-step1-6": {"checked": false, "date": null}, "step-step3-1": {"checked": false, "date": null}, "step-step3-2": {"checked": false, "date": null}, "step-step3-3": {"checked": false, "date": null}, "step-step4-1": {"checked": false, "date": null}, "step-step4-2": {"checked": false, "date": null}, "step-step4-3": {"checked": false, "date": null}, "step-0-0": {"checked": true, "date": "2025-06-10"}, "step-0-1": {"checked": true, "date": "2025-06-10"}, "step-0-2": {"checked": true, "date": "2025-06-10"}, "step-0-3": {"checked": true, "date": "2025-06-10"}, "step-1-0": {"checked": true, "date": "2025-06-10"}, "step-1-1": {"checked": true, "date": "2025-06-10"}, "frontend-step1-1": {"checked": true, "date": "2025-06-10"}, "frontend-step1-2": {"checked": true, "date": "2025-06-10"}, "frontend-step1-3": {"checked": true, "date": "2025-06-10"}, "frontend-step1-4": {"checked": true, "date": "2025-06-10"}, "frontend-step2-1": {"checked": true, "date": "2025-06-10"}, "frontend-step2-2": {"checked": true, "date": "2025-06-10"}, "backend-step1-1": {"checked": true, "date": "2025-06-10"}, "backend-step1-2": {"checked": false, "date": null}, "backend-step1-3": {"checked": false, "date": null}, "backend-step1-4": {"checked": false, "date": null}, "backend-step1-5": {"checked": false, "date": null}, "backend-step1-6": {"checked": false, "date": null}, "cyber-security-step1-1": {"checked": true, "date": "2025-06-10"}, "cyber-security-step1-2": {"checked": true, "date": "2025-06-10"}, "cyber-security-step1-3": {"checked": true, "date": "2025-06-10"}, "cyber-security-step1-4": {"checked": true, "date": "2025-06-10"}, "cyber-security-step2-1": {"checked": true, "date": "2025-06-10"}, "cyber-security-step2-2": {"checked": true, "date": "2025-06-10"}, "sql-step1-1": {"checked": false, "date": null}, "sql-step1-2": {"checked": false, "date": null}, "sql-step1-3": {"checked": false, "date": null}, "sql-step1-4": {"checked": false, "date": null}, "sql-step1-5": {"checked": false, "date": null}, "sql-step2-1": {"checked": false, "date": null}, "sql-step2-2": {"checked": false, "date": null}, "sql-step3-1": {"checked": false, "date": null}, "sql-step3-2": {"checked": false, "date": null}, "sql-step3-3": {"checked": false, "date": null}, "frontend-step2-3": {"checked": false, "date": null}, "frontend-step2-4": {"checked": false, "date": null}, "frontend-step3-1": {"checked": false, "date": null}, "frontend-step3-2": {"checked": false, "date": null}, "frontend-step3-3": {"checked": false, "date": null}, "frontend-step3-4": {"checked": false, "date": null}, "frontend-step4-1": {"checked": false, "date": null}, "frontend-step4-2": {"checked": false, "date": null}, "frontend-step4-3": {"checked": false, "date": null}, "frontend-step4-4": {"checked": false, "date": null}, "frontend-step5-1": {"checked": false, "date": null}, "frontend-step5-2": {"checked": false, "date": null}, "frontend-step5-3": {"checked": false, "date": null}, "frontend-step5-4": {"checked": false, "date": null}, "frontend-step6-1": {"checked": false, "date": null}, "frontend-step6-2": {"checked": false, "date": null}, "frontend-step6-3": {"checked": false, "date": null}, "frontend-step7-1": {"checked": false, "date": null}, "frontend-step7-2": {"checked": false, "date": null}, "frontend-step7-3": {"checked": false, "date": null}, "frontend-step8-1": {"checked": false, "date": null}, "frontend-step8-2": {"checked": false, "date": null}, "frontend-step8-3": {"checked": false, "date": null}, "frontend-step9-1": {"checked": false, "date": null}, "frontend-step9-2": {"checked": false, "date": null}, "frontend-step9-3": {"checked": false, "date": null}, "frontend-step10-1": {"checked": false, "date": null}, "frontend-step10-2": {"checked": false, "date": null}, "frontend-step10-3": {"checked": false, "date": null}, "frontend-step11-1": {"checked": false, "date": null}, "frontend-step11-2": {"checked": false, "date": null}, "frontend-step11-3": {"checked": false, "date": null}, "sql-step4-1": {"checked": false, "date": null}, "sql-step4-2": {"checked": false, "date": null}, "sql-step4-3": {"checked": false, "date": null}, "sql-step5-1": {"checked": false, "date": null}, "sql-step5-2": {"checked": false, "date": null}, "sql-step5-3": {"checked": false, "date": null}, "sql-step5-4": {"checked": false, "date": null}, "sql-step5-5": {"checked": false, "date": null}, "sql-step6-1": {"checked": false, "date": null}, "sql-step6-2": {"checked": false, "date": null}, "sql-step6-3": {"checked": false, "date": null}, "sql-step6-4": {"checked": false, "date": null}, "sql-step6-5": {"checked": false, "date": null}, "sql-step6-6": {"checked": false, "date": null}, "sql-step6-7": {"checked": false, "date": null}, "sql-step7-1": {"checked": false, "date": null}, "sql-step7-2": {"checked": false, "date": null}, "sql-step7-3": {"checked": false, "date": null}, "sql-step7-4": {"checked": false, "date": null}, "sql-step7-5": {"checked": false, "date": null}, "sql-step7-6": {"checked": false, "date": null}, "sql-step8-2": {"checked": false, "date": null}, "sql-step8-1": {"checked": false, "date": null}, "sql-step8-3": {"checked": false, "date": null}, "sql-step8-4": {"checked": false, "date": null}, "sql-step9-1": {"checked": false, "date": null}, "sql-step9-2": {"checked": false, "date": null}, "sql-step9-3": {"checked": false, "date": null}, "sql-step10-1": {"checked": false, "date": null}, "sql-step10-2": {"checked": false, "date": null}, "sql-step10-3": {"checked": false, "date": null}, "sql-step10-4": {"checked": false, "date": null}}, "streak": 2, "last_streak_date": "2025-06-10"}, "shaheraz": {"steps": {"step1-1": {"checked": false, "date": null}, "step1-2": {"checked": true, "date": "2025-06-04"}, "step1-3": {"checked": false, "date": null}, "step1-4": {"checked": false, "date": null}, "step2-1": {"checked": false, "date": null}, "step2-2": {"checked": true, "date": "2025-06-04"}, "null": {"checked": false, "date": null}}, "streak": 1, "last_streak_date": "2025-06-04"}, "shaheraz_06": {"steps": {"step1-1": {"checked": false, "date": null}, "step1-2": {"checked": false, "date": null}, "step1-3": {"checked": false, "date": null}, "step1-4": {"checked": false, "date": null}, "frontend-step1-1": {"checked": true, "date": "2025-06-10"}, "frontend-step1-2": {"checked": true, "date": "2025-06-10"}, "frontend-step1-3": {"checked": true, "date": "2025-06-10"}, "frontend-step1-4": {"checked": true, "date": "2025-06-10"}, "frontend-step2-1": {"checked": true, "date": "2025-06-10"}, "devops-step1-1": {"checked": true, "date": "2025-06-10"}, "devops-step1-2": {"checked": true, "date": "2025-06-10"}, "devops-step1-3": {"checked": true, "date": "2025-06-10"}, "devops-step2-1": {"checked": true, "date": "2025-06-10"}, "devops-step2-2": {"checked": true, "date": "2025-06-10"}, "devops-step2-3": {"checked": true, "date": "2025-06-10"}, "devops-step2-4": {"checked": true, "date": "2025-06-10"}, "devops-step2-5": {"checked": true, "date": "2025-06-10"}, "frontend-step2-2": {"checked": true, "date": "2025-06-10"}, "frontend-step2-3": {"checked": true, "date": "2025-06-10"}, "frontend-step2-4": {"checked": true, "date": "2025-06-10"}, "frontend-step3-1": {"checked": true, "date": "2025-06-10"}, "frontend-step3-2": {"checked": true, "date": "2025-06-10"}, "frontend-step3-3": {"checked": true, "date": "2025-06-10"}, "frontend-step3-4": {"checked": true, "date": "2025-06-10"}, "frontend-step4-1": {"checked": true, "date": "2025-06-10"}, "frontend-step4-2": {"checked": true, "date": "2025-06-10"}, "frontend-step4-3": {"checked": true, "date": "2025-06-10"}, "frontend-step4-4": {"checked": true, "date": "2025-06-10"}, "frontend-step5-1": {"checked": true, "date": "2025-06-10"}, "frontend-step5-2": {"checked": true, "date": "2025-06-10"}, "frontend-step5-3": {"checked": true, "date": "2025-06-10"}, "frontend-step5-4": {"checked": true, "date": "2025-06-10"}, "frontend-step6-1": {"checked": true, "date": "2025-06-10"}, "frontend-step6-2": {"checked": true, "date": "2025-06-10"}, "frontend-step6-3": {"checked": true, "date": "2025-06-10"}}, "streak": 1, "last_streak_date": "2025-06-10"}, "fatima_firdouse": {"steps": {"frontend-step1-1": {"checked": true, "date": "2025-06-10"}, "frontend-step1-2": {"checked": true, "date": "2025-06-10"}, "frontend-step1-3": {"checked": true, "date": "2025-06-10"}, "frontend-step1-4": {"checked": true, "date": "2025-06-10"}, "frontend-step2-1": {"checked": true, "date": "2025-06-10"}, "frontend-step2-2": {"checked": true, "date": "2025-06-10"}, "frontend-step2-3": {"checked": true, "date": "2025-06-10"}, "frontend-step2-4": {"checked": true, "date": "2025-06-10"}, "backend-step1-1": {"checked": true, "date": "2025-06-10"}, "backend-step1-2": {"checked": true, "date": "2025-06-10"}, "backend-step1-3": {"checked": true, "date": "2025-06-10"}, "backend-step1-4": {"checked": true, "date": "2025-06-10"}, "backend-step1-5": {"checked": true, "date": "2025-06-10"}, "backend-step1-6": {"checked": true, "date": "2025-06-10"}, "backend-step2-1": {"checked": true, "date": "2025-06-10"}, "backend-step2-2": {"checked": true, "date": "2025-06-10"}, "backend-step3-1": {"checked": true, "date": "2025-06-10"}, "backend-step3-2": {"checked": true, "date": "2025-06-10"}, "backend-step4-1": {"checked": true, "date": "2025-06-10"}, "backend-step4-2": {"checked": true, "date": "2025-06-10"}, "backend-step4-3": {"checked": true, "date": "2025-06-10"}, "backend-step5-1": {"checked": true, "date": "2025-06-10"}, "backend-step5-2": {"checked": true, "date": "2025-06-10"}, "backend-step5-3": {"checked": true, "date": "2025-06-10"}}, "streak": 1, "last_streak_date": "2025-06-10"}}